{
	"fileType": "m2",
	"fileDataID": 516309,
	"fileName": "world/expansion04/doodads/turtlezone/redtree/tu_redtree02.m2",
	"internalName": "TU_RedTree02",
	"textures": [
		{
			"fileNameInternal": "world/expansion04/doodads/turtlezone/redtree/tu_redtree_canopy.blp",
			"fileNameExternal": "tu_redtree_canopy.png",
			"mtlName": "mat_tu_redtree_canopy",
			"flags": 0,
			"fileDataID": 515643
		},
		{
			"fileNameInternal": "world/expansion04/doodads/turtlezone/redtree/tu_redtree_trunk.blp",
			"fileNameExternal": "tu_redtree_trunk.png",
			"mtlName": "mat_tu_redtree_trunk",
			"flags": 3,
			"fileDataID": 515642
		}
	],
	"textureTypes": [
		0,
		0
	],
	"materials": [
		{
			"flags": 4,
			"blendingMode": 1
		},
		{
			"flags": 0,
			"blendingMode": 0
		}
	],
	"textureCombos": [
		1,
		1,
		0
	],
	"colors": [],
	"textureWeights": [
		{
			"globalSeq": 65535,
			"interpolation": 0,
			"timestamps": [
				[
					0
				]
			],
			"values": [
				[
					32767
				]
			]
		}
	],
	"transparencyLookup": [
		0
	],
	"textureTransforms": [],
	"textureTransformsLookup": [
		65535,
		65535
	],
	"boundingBox": {
		"min": [
			-16.891752243041992,
			-15.998356819152832,
			-5.733345031738281
		],
		"max": [
			20.132970809936523,
			24.16931915283203,
			32.57027053833008
		]
	},
	"boundingSphereRadius": 26.1905574798584,
	"collisionBox": {
		"min": [
			-9.024435997009277,
			-5.382093906402588,
			-5.733345985412598
		],
		"max": [
			7.78473424911499,
			11.653375625610352,
			23.252899169921875
		]
	},
	"collisionSphereRadius": 18.194046020507812,
	"skin": {
		"subMeshes": [
			{
				"enabled": true,
				"submeshID": 0,
				"level": 0,
				"vertexStart": 0,
				"vertexCount": 517,
				"triangleStart": 0,
				"triangleCount": 1968,
				"boneCount": 1,
				"boneStart": 0,
				"boneInfluences": 0,
				"centerBoneIndex": 0,
				"centerPosition": [
					-0.08065187186002731,
					1.5735760927200317,
					15.115177154541016
				],
				"sortCenterPosition": [
					-0.08065187186002731,
					1.5735760927200317,
					15.115177154541016
				],
				"sortRadius": 21.219724655151367
			},
			{
				"enabled": true,
				"submeshID": 0,
				"level": 0,
				"vertexStart": 517,
				"vertexCount": 523,
				"triangleStart": 1968,
				"triangleCount": 984,
				"boneCount": 1,
				"boneStart": 0,
				"boneInfluences": 0,
				"centerBoneIndex": 0,
				"centerPosition": [
					0.7073885202407837,
					3.5160722732543945,
					20.624605178833008
				],
				"sortCenterPosition": [
					1.6206092834472656,
					4.0854811668396,
					21.195598602294922
				],
				"sortRadius": 23.71149444580078
			}
		],
		"textureUnits": [
			{
				"flags": 16,
				"priority": 0,
				"shaderID": 16,
				"skinSectionIndex": 1,
				"flags2": 1,
				"colorIndex": 65535,
				"materialIndex": 0,
				"materialLayer": 0,
				"textureCount": 1,
				"textureComboIndex": 2,
				"textureCoordComboIndex": 0,
				"textureWeightComboIndex": 0,
				"textureTransformComboIndex": 0
			},
			{
				"flags": 144,
				"priority": 0,
				"shaderID": 16390,
				"skinSectionIndex": 0,
				"flags2": 0,
				"colorIndex": 65535,
				"materialIndex": 1,
				"materialLayer": 0,
				"textureCount": 2,
				"textureComboIndex": 0,
				"textureCoordComboIndex": 0,
				"textureWeightComboIndex": 0,
				"textureTransformComboIndex": 0
			}
		],
		"fileName": "world/expansion04/doodads/turtlezone/redtree/tu_redtree0200.skin",
		"fileDataID": 516310
	}
}
