{
	"fileType": "m2",
	"fileDataID": 516365,
	"fileName": "world/expansion04/doodads/turtlezone/redtree/tu_redtree03.m2",
	"internalName": "TU_RedTree03",
	"textures": [
		{
			"fileNameInternal": "world/expansion04/doodads/turtlezone/redtree/tu_redtree_canopy.blp",
			"fileNameExternal": "tu_redtree_canopy.png",
			"mtlName": "mat_tu_redtree_canopy",
			"flags": 0,
			"fileDataID": 515643
		},
		{
			"fileNameInternal": "world/expansion04/doodads/turtlezone/redtree/tu_redtree_trunk.blp",
			"fileNameExternal": "tu_redtree_trunk.png",
			"mtlName": "mat_tu_redtree_trunk",
			"flags": 3,
			"fileDataID": 515642
		}
	],
	"textureTypes": [
		0,
		0
	],
	"materials": [
		{
			"flags": 4,
			"blendingMode": 1
		},
		{
			"flags": 0,
			"blendingMode": 0
		}
	],
	"textureCombos": [
		1,
		1,
		0
	],
	"colors": [],
	"textureWeights": [
		{
			"globalSeq": 65535,
			"interpolation": 0,
			"timestamps": [
				[
					0
				]
			],
			"values": [
				[
					32767
				]
			]
		}
	],
	"transparencyLookup": [
		0
	],
	"textureTransforms": [],
	"textureTransformsLookup": [
		65535,
		65535
	],
	"boundingBox": {
		"min": [
			-10.898628234863281,
			-9.269675254821777,
			-3.1836891174316406
		],
		"max": [
			10.977119445800781,
			11.075469970703125,
			18.205461502075195
		]
	},
	"boundingSphereRadius": 13.128453254699707,
	"collisionBox": {
		"min": [
			-3.94838809967041,
			-3.138334035873413,
			-3.183689832687378
		],
		"max": [
			4.088644504547119,
			4.805069923400879,
			12.337915420532227
		]
	},
	"collisionSphereRadius": 8.66920280456543,
	"skin": {
		"subMeshes": [
			{
				"enabled": true,
				"submeshID": 0,
				"level": 0,
				"vertexStart": 0,
				"vertexCount": 437,
				"triangleStart": 0,
				"triangleCount": 1611,
				"boneCount": 1,
				"boneStart": 0,
				"boneInfluences": 0,
				"centerBoneIndex": 0,
				"centerPosition": [
					0.40189632773399353,
					0.23149670660495758,
					9.028687477111816
				],
				"sortCenterPosition": [
					0.039437294006347656,
					1.0969212055206299,
					5.535394191741943
				],
				"sortRadius": 10.703413009643555
			},
			{
				"enabled": true,
				"submeshID": 0,
				"level": 0,
				"vertexStart": 437,
				"vertexCount": 322,
				"triangleStart": 1611,
				"triangleCount": 609,
				"boneCount": 1,
				"boneStart": 0,
				"boneInfluences": 0,
				"centerBoneIndex": 0,
				"centerPosition": [
					0.38885971903800964,
					0.31287553906440735,
					12.145147323608398
				],
				"sortCenterPosition": [
					0.03924560546875,
					0.9028973579406738,
					12.407501220703125
				],
				"sortRadius": 11.250904083251953
			}
		],
		"textureUnits": [
			{
				"flags": 16,
				"priority": 0,
				"shaderID": 16,
				"skinSectionIndex": 1,
				"flags2": 1,
				"colorIndex": 65535,
				"materialIndex": 0,
				"materialLayer": 0,
				"textureCount": 1,
				"textureComboIndex": 2,
				"textureCoordComboIndex": 0,
				"textureWeightComboIndex": 0,
				"textureTransformComboIndex": 0
			},
			{
				"flags": 144,
				"priority": 0,
				"shaderID": 16390,
				"skinSectionIndex": 0,
				"flags2": 0,
				"colorIndex": 65535,
				"materialIndex": 1,
				"materialLayer": 0,
				"textureCount": 2,
				"textureComboIndex": 0,
				"textureCoordComboIndex": 0,
				"textureWeightComboIndex": 0,
				"textureTransformComboIndex": 0
			}
		],
		"fileName": "world/expansion04/doodads/turtlezone/redtree/tu_redtree0300.skin",
		"fileDataID": 516366
	}
}
