{
	"fileType": "m2",
	"fileDataID": 529752,
	"fileName": "world/expansion04/doodads/pandaren/wood_fence/pa_wood_fence_02.m2",
	"internalName": "PA_Wood_Fence_02",
	"textures": [
		{
			"fileNameInternal": "world/expansion04/doodads/pandaren/wood_fence/pa_wood_fence_tex_01.blp",
			"fileNameExternal": "pa_wood_fence_tex_01.png",
			"mtlName": "mat_pa_wood_fence_tex_01",
			"flags": 3,
			"fileDataID": 528706
		}
	],
	"textureTypes": [
		0
	],
	"materials": [
		{
			"flags": 0,
			"blendingMode": 0
		}
	],
	"textureCombos": [
		0
	],
	"colors": [],
	"textureWeights": [
		{
			"globalSeq": 65535,
			"interpolation": 0,
			"timestamps": [
				[
					0
				]
			],
			"values": [
				[
					32767
				]
			]
		}
	],
	"transparencyLookup": [
		0
	],
	"textureTransforms": [],
	"textureTransformsLookup": [
		65535
	],
	"boundingBox": {
		"min": [
			-0.36740508675575256,
			-0.36459359526634216,
			-0.28057655692100525
		],
		"max": [
			0.36140069365501404,
			2.4968957901000977,
			1.481041669845581
		]
	},
	"boundingSphereRadius": 1.6781038045883179,
	"collisionBox": {
		"min": [
			-0.5119121670722961,
			-0.5095272660255432,
			-0.29895251989364624
		],
		"max": [
			0.5003579258918762,
			2.5460238456726074,
			1.48677659034729
		]
	},
	"collisionSphereRadius": 1.7791659832000732,
	"skin": {
		"subMeshes": [
			{
				"enabled": true,
				"submeshID": 0,
				"level": 0,
				"vertexStart": 0,
				"vertexCount": 577,
				"triangleStart": 0,
				"triangleCount": 2592,
				"boneCount": 1,
				"boneStart": 0,
				"boneInfluences": 0,
				"centerBoneIndex": 0,
				"centerPosition": [
					-0.022326067090034485,
					0.7778884172439575,
					0.8013166785240173
				],
				"sortCenterPosition": [
					-0.0030021965503692627,
					1.0661511421203613,
					0.6002325415611267
				],
				"sortRadius": 1.6781038045883179
			}
		],
		"textureUnits": [
			{
				"flags": 16,
				"priority": 0,
				"shaderID": 0,
				"skinSectionIndex": 0,
				"flags2": 0,
				"colorIndex": 65535,
				"materialIndex": 0,
				"materialLayer": 0,
				"textureCount": 1,
				"textureComboIndex": 0,
				"textureCoordComboIndex": 0,
				"textureWeightComboIndex": 0,
				"textureTransformComboIndex": 0
			}
		],
		"fileName": "world/expansion04/doodads/pandaren/wood_fence/pa_wood_fence_0200.skin",
		"fileDataID": 529753
	}
}
