{
	"fileType": "m2",
	"fileDataID": 197910,
	"fileName": "world/generic/human/passive doodads/armor/armorstand.m2",
	"internalName": "ArmorStand",
	"textures": [
		{
			"fileNameInternal": "world/generic/human/passive doodads/armor/7af_armorstand.blp",
			"fileNameExternal": "7af_armorstand.png",
			"mtlName": "mat_7af_armorstand",
			"flags": 0,
			"fileDataID": 1445176
		}
	],
	"textureTypes": [
		0
	],
	"materials": [
		{
			"flags": 0,
			"blendingMode": 0
		}
	],
	"textureCombos": [
		0
	],
	"colors": [],
	"textureWeights": [
		{
			"globalSeq": 65535,
			"interpolation": 0,
			"timestamps": [
				[
					0
				]
			],
			"values": [
				[
					32767
				]
			]
		}
	],
	"transparencyLookup": [
		0
	],
	"textureTransforms": [],
	"textureTransformsLookup": [
		65535
	],
	"boundingBox": {
		"min": [
			-0.4566558301448822,
			-0.45681032538414,
			-0.010272768326103687
		],
		"max": [
			0.45308569073677063,
			0.4529311954975128,
			1.7853105068206787
		]
	},
	"boundingSphereRadius": 1.009042739868164,
	"collisionBox": {
		"min": [
			-0.4747089445590973,
			-0.47460466623306274,
			-0.0124053955078125
		],
		"max": [
			0.4747603237628937,
			0.4748646020889282,
			1.7853105068206787
		]
	},
	"collisionSphereRadius": 1.0165369510650635,
	"skin": {
		"subMeshes": [
			{
				"enabled": true,
				"submeshID": 0,
				"level": 0,
				"vertexStart": 0,
				"vertexCount": 301,
				"triangleStart": 0,
				"triangleCount": 822,
				"boneCount": 1,
				"boneStart": 0,
				"boneInfluences": 0,
				"centerBoneIndex": 0,
				"centerPosition": [
					-0.002353047253564,
					-0.001493049436248839,
					0.4719187021255493
				],
				"sortCenterPosition": [
					-0.0017850697040557861,
					-0.0019395649433135986,
					0.8875188827514648
				],
				"sortRadius": 1.009042739868164
			}
		],
		"textureUnits": [
			{
				"flags": 16,
				"priority": 0,
				"shaderID": 0,
				"skinSectionIndex": 0,
				"flags2": 0,
				"colorIndex": 65535,
				"materialIndex": 0,
				"materialLayer": 0,
				"textureCount": 1,
				"textureComboIndex": 0,
				"textureCoordComboIndex": 0,
				"textureWeightComboIndex": 0,
				"textureTransformComboIndex": 0
			}
		],
		"fileName": "world/generic/human/passive doodads/armor/armorstand00.skin",
		"fileDataID": 504125
	}
}
