{
	"fileType": "m2",
	"fileDataID": 528760,
	"fileName": "world/expansion04/doodads/pandaren/shrine_props/pa_ricebowl_01.m2",
	"internalName": "PA_riceBowl_01",
	"textures": [
		{
			"fileNameInternal": "world/expansion04/doodads/pandaren/shrine_props/shrine_props.blp",
			"fileNameExternal": "shrine_props.png",
			"mtlName": "mat_shrine_props",
			"flags": 0,
			"fileDataID": 528697
		}
	],
	"textureTypes": [
		0
	],
	"materials": [
		{
			"flags": 0,
			"blendingMode": 0
		}
	],
	"textureCombos": [
		0
	],
	"colors": [],
	"textureWeights": [
		{
			"globalSeq": 65535,
			"interpolation": 0,
			"timestamps": [
				[
					0
				]
			],
			"values": [
				[
					32767
				]
			]
		}
	],
	"transparencyLookup": [
		0
	],
	"textureTransforms": [],
	"textureTransformsLookup": [
		65535
	],
	"boundingBox": {
		"min": [
			-0.23730117082595825,
			-0.23730087280273438,
			-2.6490994287087233e-8
		],
		"max": [
			0.23730090260505676,
			0.2373010814189911,
			0.1946123242378235
		]
	},
	"boundingSphereRadius": 0.2402220368385315,
	"collisionBox": {
		"min": [
			-0.24648886919021606,
			-0.24648886919021606,
			0
		],
		"max": [
			0.24648886919021606,
			0.24648886919021606,
			0.19805479049682617
		]
	},
	"collisionSphereRadius": 0.2494739145040512,
	"skin": {
		"subMeshes": [
			{
				"enabled": true,
				"submeshID": 0,
				"level": 0,
				"vertexStart": 0,
				"vertexCount": 64,
				"triangleStart": 0,
				"triangleCount": 294,
				"boneCount": 1,
				"boneStart": 0,
				"boneInfluences": 0,
				"centerBoneIndex": 0,
				"centerPosition": [
					-0.00014467991422861814,
					0.0010468291584402323,
					0.09644217789173126
				],
				"sortCenterPosition": [
					-1.341104507446289e-7,
					1.043081283569336e-7,
					0.09730614721775055
				],
				"sortRadius": 0.2402220368385315
			}
		],
		"textureUnits": [
			{
				"flags": 16,
				"priority": 0,
				"shaderID": 0,
				"skinSectionIndex": 0,
				"flags2": 0,
				"colorIndex": 65535,
				"materialIndex": 0,
				"materialLayer": 0,
				"textureCount": 1,
				"textureComboIndex": 0,
				"textureCoordComboIndex": 0,
				"textureWeightComboIndex": 0,
				"textureTransformComboIndex": 0
			}
		],
		"fileName": "world/expansion04/doodads/pandaren/shrine_props/pa_ricebowl_0100.skin",
		"fileDataID": 528761
	}
}
