{
	"fileType": "m2",
	"fileDataID": 522491,
	"fileName": "world/expansion04/doodads/turtlezone/rocks/tu_largerocks_01.m2",
	"internalName": "TU_LargeRocks_01",
	"textures": [
		{
			"fileNameInternal": "world/expansion04/doodads/turtlezone/rocks/tu_largerocks_01.blp",
			"fileNameExternal": "tu_largerocks_01.png",
			"mtlName": "mat_tu_largerocks_01",
			"flags": 3,
			"fileDataID": 522490
		}
	],
	"textureTypes": [
		0
	],
	"materials": [
		{
			"flags": 0,
			"blendingMode": 0
		}
	],
	"textureCombos": [
		0
	],
	"colors": [],
	"textureWeights": [
		{
			"globalSeq": 65535,
			"interpolation": 0,
			"timestamps": [
				[
					0
				]
			],
			"values": [
				[
					32767
				]
			]
		}
	],
	"transparencyLookup": [
		0
	],
	"textureTransforms": [],
	"textureTransformsLookup": [
		65535
	],
	"boundingBox": {
		"min": [
			-1.8098983764648438,
			-1.4369369745254517,
			-0.05473009869456291
		],
		"max": [
			1.5738980770111084,
			1.582911491394043,
			6.984399795532227
		]
	},
	"boundingSphereRadius": 3.880148410797119,
	"collisionBox": {
		"min": [
			-1.809898018836975,
			-1.4283748865127563,
			-0.0547298863530159
		],
		"max": [
			1.490620493888855,
			1.5452030897140503,
			7.119231224060059
		]
	},
	"collisionSphereRadius": 3.924617052078247,
	"skin": {
		"subMeshes": [
			{
				"enabled": true,
				"submeshID": 0,
				"level": 0,
				"vertexStart": 0,
				"vertexCount": 455,
				"triangleStart": 0,
				"triangleCount": 2412,
				"boneCount": 1,
				"boneStart": 0,
				"boneInfluences": 0,
				"centerBoneIndex": 0,
				"centerPosition": [
					-0.11264360696077347,
					0.049176864326000214,
					3.5656778812408447
				],
				"sortCenterPosition": [
					-0.11800014972686768,
					0.07298725843429565,
					3.4648349285125732
				],
				"sortRadius": 3.880148410797119
			}
		],
		"textureUnits": [
			{
				"flags": 16,
				"priority": 0,
				"shaderID": 0,
				"skinSectionIndex": 0,
				"flags2": 0,
				"colorIndex": 65535,
				"materialIndex": 0,
				"materialLayer": 0,
				"textureCount": 1,
				"textureComboIndex": 0,
				"textureCoordComboIndex": 0,
				"textureWeightComboIndex": 0,
				"textureTransformComboIndex": 0
			}
		],
		"fileName": "world/expansion04/doodads/turtlezone/rocks/tu_largerocks_0100.skin",
		"fileDataID": 522492
	}
}
