{
	"fileType": "m2",
	"fileDataID": 522500,
	"fileName": "world/expansion04/doodads/turtlezone/rocks/tu_largerocks_05.m2",
	"internalName": "TU_LargeRocks_05",
	"textures": [
		{
			"fileNameInternal": "world/expansion04/doodads/turtlezone/rocks/tu_largerocks_02.blp",
			"fileNameExternal": "tu_largerocks_02.png",
			"mtlName": "mat_tu_largerocks_02",
			"flags": 3,
			"fileDataID": 522495
		}
	],
	"textureTypes": [
		0
	],
	"materials": [
		{
			"flags": 0,
			"blendingMode": 0
		}
	],
	"textureCombos": [
		0
	],
	"colors": [],
	"textureWeights": [
		{
			"globalSeq": 65535,
			"interpolation": 0,
			"timestamps": [
				[
					0
				]
			],
			"values": [
				[
					32767
				]
			]
		}
	],
	"transparencyLookup": [
		0
	],
	"textureTransforms": [],
	"textureTransformsLookup": [
		65535
	],
	"boundingBox": {
		"min": [
			-2.2010114192962646,
			-2.1205363273620605,
			-0.09337151795625687
		],
		"max": [
			2.128265380859375,
			2.248222589492798,
			1.936159610748291
		]
	},
	"boundingSphereRadius": 2.3560900688171387,
	"collisionBox": {
		"min": [
			-2.2010114192962646,
			-2.1205363273620605,
			-0.09337151795625687
		],
		"max": [
			2.128265380859375,
			2.248222589492798,
			1.936159610748291
		]
	},
	"collisionSphereRadius": 2.3560900688171387,
	"skin": {
		"subMeshes": [
			{
				"enabled": true,
				"submeshID": 0,
				"level": 0,
				"vertexStart": 0,
				"vertexCount": 58,
				"triangleStart": 0,
				"triangleCount": 336,
				"boneCount": 1,
				"boneStart": 0,
				"boneInfluences": 0,
				"centerBoneIndex": 0,
				"centerPosition": [
					-0.03338323533535004,
					-0.20967578887939453,
					0.8048805594444275
				],
				"sortCenterPosition": [
					-0.036373019218444824,
					0.06384313106536865,
					0.9213940501213074
				],
				"sortRadius": 2.3560900688171387
			}
		],
		"textureUnits": [
			{
				"flags": 16,
				"priority": 0,
				"shaderID": 0,
				"skinSectionIndex": 0,
				"flags2": 0,
				"colorIndex": 65535,
				"materialIndex": 0,
				"materialLayer": 0,
				"textureCount": 1,
				"textureComboIndex": 0,
				"textureCoordComboIndex": 0,
				"textureWeightComboIndex": 0,
				"textureTransformComboIndex": 0
			}
		],
		"fileName": "world/expansion04/doodads/turtlezone/rocks/tu_largerocks_0500.skin",
		"fileDataID": 522501
	}
}
