{
	"fileType": "m2",
	"fileDataID": 516292,
	"fileName": "world/expansion04/doodads/turtlezone/rocks/tu_rock06.m2",
	"internalName": "TU_Rock06",
	"textures": [
		{
			"fileNameInternal": "world/expansion04/doodads/turtlezone/rocks/tu_rock01.blp",
			"fileNameExternal": "tu_rock01.png",
			"mtlName": "mat_tu_rock01",
			"flags": 3,
			"fileDataID": 516281
		}
	],
	"textureTypes": [
		0
	],
	"materials": [
		{
			"flags": 0,
			"blendingMode": 0
		}
	],
	"textureCombos": [
		0
	],
	"colors": [],
	"textureWeights": [
		{
			"globalSeq": 65535,
			"interpolation": 0,
			"timestamps": [
				[
					0
				]
			],
			"values": [
				[
					32767
				]
			]
		}
	],
	"transparencyLookup": [
		0
	],
	"textureTransforms": [],
	"textureTransformsLookup": [
		65535
	],
	"boundingBox": {
		"min": [
			-3.009193181991577,
			-4.114959239959717,
			-1.1414287090301514
		],
		"max": [
			2.4208602905273438,
			3.787571430206299,
			1.2637865543365479
		]
	},
	"boundingSphereRadius": 4.084541320800781,
	"collisionBox": {
		"min": [
			-3.009193181991577,
			-4.114959239959717,
			-1.141428828239441
		],
		"max": [
			2.4208602905273438,
			3.787571430206299,
			1.2637865543365479
		]
	},
	"collisionSphereRadius": 4.084541320800781,
	"skin": {
		"subMeshes": [
			{
				"enabled": true,
				"submeshID": 0,
				"level": 0,
				"vertexStart": 0,
				"vertexCount": 90,
				"triangleStart": 0,
				"triangleCount": 528,
				"boneCount": 1,
				"boneStart": 0,
				"boneInfluences": 0,
				"centerBoneIndex": 0,
				"centerPosition": [
					-0.038775816559791565,
					0.3016864061355591,
					0.035467930138111115
				],
				"sortCenterPosition": [
					-0.2941664457321167,
					-0.16369390487670898,
					0.06117892265319824
				],
				"sortRadius": 4.084541320800781
			}
		],
		"textureUnits": [
			{
				"flags": 16,
				"priority": 0,
				"shaderID": 0,
				"skinSectionIndex": 0,
				"flags2": 0,
				"colorIndex": 65535,
				"materialIndex": 0,
				"materialLayer": 0,
				"textureCount": 1,
				"textureComboIndex": 0,
				"textureCoordComboIndex": 0,
				"textureWeightComboIndex": 0,
				"textureTransformComboIndex": 0
			}
		],
		"fileName": "world/expansion04/doodads/turtlezone/rocks/tu_rock0600.skin",
		"fileDataID": 516293
	}
}
