{
	"fileType": "m2",
	"fileDataID": 603806,
	"fileName": "world/expansion04/doodads/hozu/hz_fence_blue_03.m2",
	"internalName": "HZ_Fence_Blue_03",
	"textures": [
		{
			"fileNameInternal": "world/expansion04/doodads/hozu/hz_bamboo_blue.blp",
			"fileNameExternal": "hz_bamboo_blue.png",
			"mtlName": "mat_hz_bamboo_blue",
			"flags": 3,
			"fileDataID": 603668
		},
		{
			"fileNameInternal": "world/expansion04/doodads/hozu/hz_cageparts.blp",
			"fileNameExternal": "hz_cageparts.png",
			"mtlName": "mat_hz_cageparts",
			"flags": 3,
			"fileDataID": 603669
		}
	],
	"textureTypes": [
		0,
		0
	],
	"materials": [
		{
			"flags": 0,
			"blendingMode": 0
		},
		{
			"flags": 0,
			"blendingMode": 0
		}
	],
	"textureCombos": [
		0,
		1
	],
	"colors": [],
	"textureWeights": [
		{
			"globalSeq": 65535,
			"interpolation": 0,
			"timestamps": [
				[
					0
				]
			],
			"values": [
				[
					32767
				]
			]
		}
	],
	"transparencyLookup": [
		0
	],
	"textureTransforms": [],
	"textureTransformsLookup": [
		65535
	],
	"boundingBox": {
		"min": [
			-0.41823694109916687,
			-2.993696928024292,
			-0.12850315868854523
		],
		"max": [
			0.3234058916568756,
			2.0562539100646973,
			3.762014150619507
		]
	},
	"boundingSphereRadius": 2.82793927192688,
	"collisionBox": {
		"min": [
			-0.33590587973594666,
			-2.948835849761963,
			0
		],
		"max": [
			0.18056239187717438,
			1.5599884986877441,
			3.4327423572540283
		]
	},
	"collisionSphereRadius": 2.8451693058013916,
	"skin": {
		"subMeshes": [
			{
				"enabled": true,
				"submeshID": 0,
				"level": 0,
				"vertexStart": 0,
				"vertexCount": 514,
				"triangleStart": 0,
				"triangleCount": 1272,
				"boneCount": 1,
				"boneStart": 0,
				"boneInfluences": 0,
				"centerBoneIndex": 0,
				"centerPosition": [
					-0.07982092350721359,
					-0.06274168193340302,
					1.2481766939163208
				],
				"sortCenterPosition": [
					-0.04741552472114563,
					-0.46872150897979736,
					1.8167555332183838
				],
				"sortRadius": 2.82793927192688
			},
			{
				"enabled": true,
				"submeshID": 0,
				"level": 0,
				"vertexStart": 514,
				"vertexCount": 120,
				"triangleStart": 1272,
				"triangleCount": 384,
				"boneCount": 1,
				"boneStart": 0,
				"boneInfluences": 0,
				"centerBoneIndex": 0,
				"centerPosition": [
					-0.17089757323265076,
					-0.7250659465789795,
					1.2526565790176392
				],
				"sortCenterPosition": [
					-0.13351482152938843,
					-0.7050556540489197,
					1.3472793102264404
				],
				"sortRadius": 1.0632437467575073
			}
		],
		"textureUnits": [
			{
				"flags": 16,
				"priority": 0,
				"shaderID": 0,
				"skinSectionIndex": 0,
				"flags2": 0,
				"colorIndex": 65535,
				"materialIndex": 0,
				"materialLayer": 0,
				"textureCount": 1,
				"textureComboIndex": 0,
				"textureCoordComboIndex": 0,
				"textureWeightComboIndex": 0,
				"textureTransformComboIndex": 0
			},
			{
				"flags": 16,
				"priority": 0,
				"shaderID": 0,
				"skinSectionIndex": 1,
				"flags2": 1,
				"colorIndex": 65535,
				"materialIndex": 1,
				"materialLayer": 0,
				"textureCount": 1,
				"textureComboIndex": 1,
				"textureCoordComboIndex": 0,
				"textureWeightComboIndex": 0,
				"textureTransformComboIndex": 0
			}
		],
		"fileName": "world/expansion04/doodads/hozu/hz_fence_blue_0300.skin",
		"fileDataID": 603807
	}
}
