{
	"fileType": "m2",
	"fileDataID": 524326,
	"fileName": "world/expansion04/doodads/pandaren/boat/pa_boat_02.m2",
	"internalName": "PA_Boat_02",
	"textures": [
		{
			"fileNameInternal": "world/expansion04/doodads/pandaren/boat/pa_boat.blp",
			"fileNameExternal": "pa_boat.png",
			"mtlName": "mat_pa_boat",
			"flags": 0,
			"fileDataID": 524321
		}
	],
	"textureTypes": [
		0
	],
	"materials": [
		{
			"flags": 0,
			"blendingMode": 0
		}
	],
	"textureCombos": [
		0,
		0
	],
	"colors": [],
	"textureWeights": [
		{
			"globalSeq": 65535,
			"interpolation": 0,
			"timestamps": [
				[
					0
				]
			],
			"values": [
				[
					32767
				]
			]
		}
	],
	"transparencyLookup": [
		0
	],
	"textureTransforms": [],
	"textureTransformsLookup": [
		65535,
		65535
	],
	"boundingBox": {
		"min": [
			-3.920285224914551,
			-1.2828234434127808,
			-0.4541116952896118
		],
		"max": [
			4.086927890777588,
			1.2828221321105957,
			1.3831629753112793
		]
	},
	"boundingSphereRadius": 4.162023544311523,
	"collisionBox": {
		"min": [
			-3.9202842712402344,
			-1.2828227281570435,
			-0.4541113078594208
		],
		"max": [
			4.086927890777588,
			1.282823920249939,
			1.3831630945205688
		]
	},
	"collisionSphereRadius": 4.162022113800049,
	"skin": {
		"subMeshes": [
			{
				"enabled": true,
				"submeshID": 0,
				"level": 0,
				"vertexStart": 0,
				"vertexCount": 462,
				"triangleStart": 0,
				"triangleCount": 1266,
				"boneCount": 1,
				"boneStart": 0,
				"boneInfluences": 0,
				"centerBoneIndex": 0,
				"centerPosition": [
					-0.45746493339538574,
					-0.02741061896085739,
					0.6384032964706421
				],
				"sortCenterPosition": [
					0.08332133293151855,
					-6.556510925292969e-7,
					0.46452564001083374
				],
				"sortRadius": 4.162023544311523
			}
		],
		"textureUnits": [
			{
				"flags": 144,
				"priority": 0,
				"shaderID": 7,
				"skinSectionIndex": 0,
				"flags2": 0,
				"colorIndex": 65535,
				"materialIndex": 0,
				"materialLayer": 0,
				"textureCount": 2,
				"textureComboIndex": 0,
				"textureCoordComboIndex": 0,
				"textureWeightComboIndex": 0,
				"textureTransformComboIndex": 0
			}
		],
		"fileName": "world/expansion04/doodads/pandaren/boat/pa_boat_0200.skin",
		"fileDataID": 524327
	}
}
