{
	"fileType": "m2",
	"fileDataID": 587765,
	"fileName": "world/expansion04/doodads/valleyoffourwinds/farmcrops/pa_cropbasket_bowl_02.m2",
	"internalName": "PA_CropBasket_Bowl_02",
	"textures": [
		{
			"fileNameInternal": "world/expansion04/doodads/valleyoffourwinds/farmcrops/pa_crop_buckets_01.blp",
			"fileNameExternal": "pa_crop_buckets_01.png",
			"mtlName": "mat_pa_crop_buckets_01",
			"flags": 3,
			"fileDataID": 587662
		}
	],
	"textureTypes": [
		0
	],
	"materials": [
		{
			"flags": 0,
			"blendingMode": 0
		}
	],
	"textureCombos": [
		0
	],
	"colors": [],
	"textureWeights": [
		{
			"globalSeq": 65535,
			"interpolation": 0,
			"timestamps": [
				[
					0
				]
			],
			"values": [
				[
					32767
				]
			]
		}
	],
	"transparencyLookup": [
		0
	],
	"textureTransforms": [],
	"textureTransformsLookup": [
		65535
	],
	"boundingBox": {
		"min": [
			-0.6228876709938049,
			-0.7508800625801086,
			-0.016598135232925415
		],
		"max": [
			0.6227819323539734,
			0.741917073726654,
			1.4055920839309692
		]
	},
	"boundingSphereRadius": 0.9492365121841431,
	"collisionBox": {
		"min": [
			-0.6228876709938049,
			-0.6229396462440491,
			-0.016598135232925415
		],
		"max": [
			0.6227819323539734,
			0.6227299571037292,
			1.3513600826263428
		]
	},
	"collisionSphereRadius": 0.9059674143791199,
	"skin": {
		"subMeshes": [
			{
				"enabled": true,
				"submeshID": 0,
				"level": 0,
				"vertexStart": 0,
				"vertexCount": 498,
				"triangleStart": 0,
				"triangleCount": 2496,
				"boneCount": 1,
				"boneStart": 0,
				"boneInfluences": 0,
				"centerBoneIndex": 0,
				"centerPosition": [
					0.0034700832329690456,
					-0.001792235765606165,
					0.8085119724273682
				],
				"sortCenterPosition": [
					0.0034700832329690456,
					-0.001792235765606165,
					0.8085119724273682
				],
				"sortRadius": 0.9027138948440552
			}
		],
		"textureUnits": [
			{
				"flags": 16,
				"priority": 0,
				"shaderID": 0,
				"skinSectionIndex": 0,
				"flags2": 0,
				"colorIndex": 65535,
				"materialIndex": 0,
				"materialLayer": 0,
				"textureCount": 1,
				"textureComboIndex": 0,
				"textureCoordComboIndex": 0,
				"textureWeightComboIndex": 0,
				"textureTransformComboIndex": 0
			}
		],
		"fileName": "world/expansion04/doodads/valleyoffourwinds/farmcrops/pa_cropbasket_bowl_0200.skin",
		"fileDataID": 587766
	}
}
