{
	"fileType": "m2",
	"fileDataID": 529458,
	"fileName": "world/expansion04/doodads/pandaren/rake/pa_broom_01.m2",
	"internalName": "PA_Broom_01",
	"textures": [
		{
			"fileNameInternal": "world/expansion04/doodads/pandaren/rake/pa_tools.blp",
			"fileNameExternal": "pa_tools.png",
			"mtlName": "mat_pa_tools",
			"flags": 0,
			"fileDataID": 529308
		}
	],
	"textureTypes": [
		0
	],
	"materials": [
		{
			"flags": 0,
			"blendingMode": 1
		}
	],
	"textureCombos": [
		0
	],
	"colors": [],
	"textureWeights": [
		{
			"globalSeq": 65535,
			"interpolation": 0,
			"timestamps": [
				[
					0
				]
			],
			"values": [
				[
					32767
				]
			]
		}
	],
	"transparencyLookup": [
		0
	],
	"textureTransforms": [],
	"textureTransformsLookup": [
		65535
	],
	"boundingBox": {
		"min": [
			-0.3111382722854614,
			-0.4209950268268585,
			-0.21202452480793
		],
		"max": [
			0.3430103361606598,
			0.5222497582435608,
			3.0880062580108643
		]
	},
	"boundingSphereRadius": 1.6582064628601074,
	"collisionBox": {
		"min": [
			-0.34585216641426086,
			-0.36591047048568726,
			-0.22104263305664062
		],
		"max": [
			0.3817920684814453,
			0.49016475677490234,
			3.07216215133667
		]
	},
	"collisionSphereRadius": 1.6956571340560913,
	"skin": {
		"subMeshes": [
			{
				"enabled": true,
				"submeshID": 0,
				"level": 0,
				"vertexStart": 0,
				"vertexCount": 424,
				"triangleStart": 0,
				"triangleCount": 1500,
				"boneCount": 1,
				"boneStart": 0,
				"boneInfluences": 0,
				"centerBoneIndex": 0,
				"centerPosition": [
					0.01735701970756054,
					0.03959449380636215,
					1.040306806564331
				],
				"sortCenterPosition": [
					0.015936031937599182,
					0.050627365708351135,
					1.4379909038543701
				],
				"sortRadius": 1.6582064628601074
			}
		],
		"textureUnits": [
			{
				"flags": 16,
				"priority": 0,
				"shaderID": 16,
				"skinSectionIndex": 0,
				"flags2": 0,
				"colorIndex": 65535,
				"materialIndex": 0,
				"materialLayer": 0,
				"textureCount": 1,
				"textureComboIndex": 0,
				"textureCoordComboIndex": 0,
				"textureWeightComboIndex": 0,
				"textureTransformComboIndex": 0
			}
		],
		"fileName": "world/expansion04/doodads/pandaren/rake/pa_broom_0100.skin",
		"fileDataID": 529459
	}
}
