{
	"fileType": "m2",
	"fileDataID": 535163,
	"fileName": "world/expansion04/doodads/pandaren/scroll/pa_scroll_huge_02.m2",
	"internalName": "PA_Scroll_Huge_02",
	"textures": [
		{
			"fileNameInternal": "world/expansion04/doodads/pandaren/scroll/pa_scroll_huge_01.blp",
			"fileNameExternal": "pa_scroll_huge_01.png",
			"mtlName": "mat_pa_scroll_huge_01",
			"flags": 0,
			"fileDataID": 535160
		}
	],
	"textureTypes": [
		0
	],
	"materials": [
		{
			"flags": 0,
			"blendingMode": 0
		}
	],
	"textureCombos": [
		0
	],
	"colors": [],
	"textureWeights": [
		{
			"globalSeq": 65535,
			"interpolation": 0,
			"timestamps": [
				[
					0
				]
			],
			"values": [
				[
					32767
				]
			]
		}
	],
	"transparencyLookup": [
		0
	],
	"textureTransforms": [],
	"textureTransformsLookup": [
		65535
	],
	"boundingBox": {
		"min": [
			-0.39896517992019653,
			-0.4482286274433136,
			-0.019054943695664406
		],
		"max": [
			0.4001435339450836,
			0.4154697358608246,
			2.45967698097229
		]
	},
	"boundingSphereRadius": 1.332576870918274,
	"collisionBox": {
		"min": [
			-0.35255855321884155,
			-0.41387829184532166,
			0.0010895994491875172
		],
		"max": [
			0.35019928216934204,
			0.39759647846221924,
			2.4271633625030518
		]
	},
	"collisionSphereRadius": 1.2790939807891846,
	"skin": {
		"subMeshes": [
			{
				"enabled": true,
				"submeshID": 0,
				"level": 0,
				"vertexStart": 0,
				"vertexCount": 201,
				"triangleStart": 0,
				"triangleCount": 714,
				"boneCount": 1,
				"boneStart": 0,
				"boneInfluences": 0,
				"centerBoneIndex": 0,
				"centerPosition": [
					-0.024530945345759392,
					-0.08122122287750244,
					1.2194898128509521
				],
				"sortCenterPosition": [
					-0.024530945345759392,
					-0.08122122287750244,
					1.2194898128509521
				],
				"sortRadius": 1.313361644744873
			}
		],
		"textureUnits": [
			{
				"flags": 16,
				"priority": 0,
				"shaderID": 0,
				"skinSectionIndex": 0,
				"flags2": 0,
				"colorIndex": 65535,
				"materialIndex": 0,
				"materialLayer": 0,
				"textureCount": 1,
				"textureComboIndex": 0,
				"textureCoordComboIndex": 0,
				"textureWeightComboIndex": 0,
				"textureTransformComboIndex": 0
			}
		],
		"fileName": "world/expansion04/doodads/pandaren/scroll/pa_scroll_huge_0200.skin",
		"fileDataID": 535164
	}
}
