{
	"fileType": "m2",
	"fileDataID": 588539,
	"fileName": "world/expansion04/doodads/pandaren/tools/pa_silk_dye_tub_blue.m2",
	"internalName": "PA_Silk_Dye_Tub_Blue",
	"textures": [
		{
			"fileNameInternal": "world/expansion04/doodads/pandaren/tools/pa_silk_dye_blue_tex.blp",
			"fileNameExternal": "pa_silk_dye_blue_tex.png",
			"mtlName": "mat_pa_silk_dye_blue_tex",
			"flags": 3,
			"fileDataID": 588538
		},
		{
			"fileNameInternal": "world/expansion04/doodads/pandaren/tools/pa_spool_silk_tex_blue.blp",
			"fileNameExternal": "pa_spool_silk_tex_blue.png",
			"mtlName": "mat_pa_spool_silk_tex_blue",
			"flags": 3,
			"fileDataID": 589035
		}
	],
	"textureTypes": [
		0,
		0
	],
	"materials": [
		{
			"flags": 17,
			"blendingMode": 2
		},
		{
			"flags": 0,
			"blendingMode": 0
		}
	],
	"textureCombos": [
		1,
		0
	],
	"colors": [],
	"textureWeights": [
		{
			"globalSeq": 65535,
			"interpolation": 0,
			"timestamps": [
				[
					0
				]
			],
			"values": [
				[
					32767
				]
			]
		}
	],
	"transparencyLookup": [
		0
	],
	"textureTransforms": [],
	"textureTransformsLookup": [
		65535
	],
	"boundingBox": {
		"min": [
			-1.0007201433181763,
			-1.2485889196395874,
			-0.06233843043446541
		],
		"max": [
			1.0079141855239868,
			1.2432756423950195,
			0.9603484272956848
		]
	},
	"boundingSphereRadius": 1.562135934829712,
	"collisionBox": {
		"min": [
			-1.0007195472717285,
			-1.24858820438385,
			-0.06233758479356766
		],
		"max": [
			1.0079139471054077,
			1.2432750463485718,
			0.9603895545005798
		]
	},
	"collisionSphereRadius": 1.5621427297592163,
	"skin": {
		"subMeshes": [
			{
				"enabled": true,
				"submeshID": 0,
				"level": 0,
				"vertexStart": 0,
				"vertexCount": 151,
				"triangleStart": 0,
				"triangleCount": 366,
				"boneCount": 1,
				"boneStart": 0,
				"boneInfluences": 0,
				"centerBoneIndex": 0,
				"centerPosition": [
					-0.019585495814681053,
					0.008632868528366089,
					0.5196219682693481
				],
				"sortCenterPosition": [
					0.0035970211029052734,
					-0.0026566386222839355,
					0.44900500774383545
				],
				"sortRadius": 1.562135934829712
			},
			{
				"enabled": true,
				"submeshID": 0,
				"level": 0,
				"vertexStart": 151,
				"vertexCount": 13,
				"triangleStart": 366,
				"triangleCount": 36,
				"boneCount": 1,
				"boneStart": 0,
				"boneInfluences": 0,
				"centerBoneIndex": 0,
				"centerPosition": [
					0.0035962783731520176,
					-0.0026567394379526377,
					0.7304748892784119
				],
				"sortCenterPosition": [
					0.0035962783731520176,
					-0.0026567394379526377,
					0.7304748892784119
				],
				"sortRadius": 1.1653468608856201
			}
		],
		"textureUnits": [
			{
				"flags": 16,
				"priority": 25,
				"shaderID": 16,
				"skinSectionIndex": 1,
				"flags2": 1,
				"colorIndex": 65535,
				"materialIndex": 0,
				"materialLayer": 0,
				"textureCount": 1,
				"textureComboIndex": 1,
				"textureCoordComboIndex": 0,
				"textureWeightComboIndex": 0,
				"textureTransformComboIndex": 0
			},
			{
				"flags": 16,
				"priority": 0,
				"shaderID": 0,
				"skinSectionIndex": 0,
				"flags2": 0,
				"colorIndex": 65535,
				"materialIndex": 1,
				"materialLayer": 0,
				"textureCount": 1,
				"textureComboIndex": 0,
				"textureCoordComboIndex": 0,
				"textureWeightComboIndex": 0,
				"textureTransformComboIndex": 0
			}
		],
		"fileName": "world/expansion04/doodads/pandaren/tools/pa_silk_dye_tub_blue00.skin",
		"fileDataID": 588540
	}
}
