{
	"fileType": "m2",
	"fileDataID": 519361,
	"fileName": "world/expansion04/doodads/pandaren/stone_walls/pa_stone_walls_02.m2",
	"internalName": "PA_Stone_Walls_02",
	"textures": [
		{
			"fileNameInternal": "world/expansion04/doodads/pandaren/stone_walls/pa_stone_wall_01.blp",
			"fileNameExternal": "pa_stone_wall_01.png",
			"mtlName": "mat_pa_stone_wall_01",
			"flags": 3,
			"fileDataID": 537694
		}
	],
	"textureTypes": [
		0
	],
	"materials": [
		{
			"flags": 0,
			"blendingMode": 0
		}
	],
	"textureCombos": [
		0
	],
	"colors": [],
	"textureWeights": [
		{
			"globalSeq": 65535,
			"interpolation": 0,
			"timestamps": [
				[
					0
				]
			],
			"values": [
				[
					32767
				]
			]
		}
	],
	"transparencyLookup": [
		0
	],
	"textureTransforms": [],
	"textureTransformsLookup": [
		65535
	],
	"boundingBox": {
		"min": [
			-1.7078526020050049,
			-8.378514289855957,
			-2.228698253631592
		],
		"max": [
			1.7078195810317993,
			8.378512382507324,
			7.426249980926514
		]
	},
	"boundingSphereRadius": 9.732035636901855,
	"collisionBox": {
		"min": [
			-1.9708679914474487,
			-8.436765670776367,
			-2.310349464416504
		],
		"max": [
			1.9708679914474487,
			8.43676471710205,
			7.457727909088135
		]
	},
	"collisionSphereRadius": 9.803023338317871,
	"skin": {
		"subMeshes": [
			{
				"enabled": true,
				"submeshID": 0,
				"level": 0,
				"vertexStart": 0,
				"vertexCount": 1150,
				"triangleStart": 0,
				"triangleCount": 3336,
				"boneCount": 1,
				"boneStart": 0,
				"boneInfluences": 0,
				"centerBoneIndex": 0,
				"centerPosition": [
					-0.000012175933079561219,
					-0.0007248719921335578,
					3.5245044231414795
				],
				"sortCenterPosition": [
					-0.000016510486602783203,
					-9.5367431640625e-7,
					2.598775863647461
				],
				"sortRadius": 9.732035636901855
			}
		],
		"textureUnits": [
			{
				"flags": 16,
				"priority": 0,
				"shaderID": 0,
				"skinSectionIndex": 0,
				"flags2": 0,
				"colorIndex": 65535,
				"materialIndex": 0,
				"materialLayer": 0,
				"textureCount": 1,
				"textureComboIndex": 0,
				"textureCoordComboIndex": 0,
				"textureWeightComboIndex": 0,
				"textureTransformComboIndex": 0
			}
		],
		"fileName": "world/expansion04/doodads/pandaren/stone_walls/pa_stone_walls_0200.skin",
		"fileDataID": 519362
	}
}
