{
	"fileType": "m2",
	"fileDataID": 523160,
	"fileName": "world/expansion04/doodads/pandaren/sack/pa_sack_01.m2",
	"internalName": "PA_Sack_01",
	"textures": [
		{
			"fileNameInternal": "world/expansion04/doodads/pandaren/sack/sacks.blp",
			"fileNameExternal": "sacks.png",
			"mtlName": "mat_sacks",
			"flags": 0,
			"fileDataID": 523159
		}
	],
	"textureTypes": [
		0
	],
	"materials": [
		{
			"flags": 0,
			"blendingMode": 0
		}
	],
	"textureCombos": [
		0
	],
	"colors": [],
	"textureWeights": [
		{
			"globalSeq": 65535,
			"interpolation": 0,
			"timestamps": [
				[
					0
				]
			],
			"values": [
				[
					32767
				]
			]
		}
	],
	"transparencyLookup": [
		0
	],
	"textureTransforms": [],
	"textureTransformsLookup": [
		65535
	],
	"boundingBox": {
		"min": [
			-0.370709091424942,
			-0.6466144919395447,
			-0.013251175172626972
		],
		"max": [
			0.4648216664791107,
			0.6120046973228455,
			1.134200930595398
		]
	},
	"boundingSphereRadius": 0.8376514911651611,
	"collisionBox": {
		"min": [
			-0.3748261332511902,
			-0.6475841403007507,
			0.01242535188794136
		],
		"max": [
			0.4752698540687561,
			0.57904452085495,
			1.138094425201416
		]
	},
	"collisionSphereRadius": 0.8403984904289246,
	"skin": {
		"subMeshes": [
			{
				"enabled": true,
				"submeshID": 0,
				"level": 0,
				"vertexStart": 0,
				"vertexCount": 126,
				"triangleStart": 0,
				"triangleCount": 381,
				"boneCount": 1,
				"boneStart": 0,
				"boneInfluences": 0,
				"centerBoneIndex": 0,
				"centerPosition": [
					0.12785124778747559,
					-0.011970569379627705,
					0.710688591003418
				],
				"sortCenterPosition": [
					0.04705628752708435,
					-0.01730489730834961,
					0.5604748725891113
				],
				"sortRadius": 0.8376514911651611
			}
		],
		"textureUnits": [
			{
				"flags": 16,
				"priority": 0,
				"shaderID": 0,
				"skinSectionIndex": 0,
				"flags2": 0,
				"colorIndex": 65535,
				"materialIndex": 0,
				"materialLayer": 0,
				"textureCount": 1,
				"textureComboIndex": 0,
				"textureCoordComboIndex": 0,
				"textureWeightComboIndex": 0,
				"textureTransformComboIndex": 0
			}
		],
		"fileName": "world/expansion04/doodads/pandaren/sack/pa_sack_0100.skin",
		"fileDataID": 523161
	}
}
