{
	"fileType": "m2",
	"fileDataID": 514920,
	"fileName": "world/expansion04/doodads/turtlezone/mountaintree/tu_mountaintree07.m2",
	"internalName": "TU_MountainTree07",
	"textures": [
		{
			"fileNameInternal": "world/expansion04/doodads/turtlezone/mountaintree/tu_mountaintree_canopy.blp",
			"fileNameExternal": "tu_mountaintree_canopy.png",
			"mtlName": "mat_tu_mountaintree_canopy",
			"flags": 3,
			"fileDataID": 514495
		},
		{
			"fileNameInternal": "world/expansion04/doodads/turtlezone/mountaintree/tu_mountaintree_trunk.blp",
			"fileNameExternal": "tu_mountaintree_trunk.png",
			"mtlName": "mat_tu_mountaintree_trunk",
			"flags": 3,
			"fileDataID": 514494
		}
	],
	"textureTypes": [
		0,
		0
	],
	"materials": [
		{
			"flags": 4,
			"blendingMode": 1
		},
		{
			"flags": 0,
			"blendingMode": 0
		}
	],
	"textureCombos": [
		1,
		0
	],
	"colors": [],
	"textureWeights": [
		{
			"globalSeq": 65535,
			"interpolation": 0,
			"timestamps": [
				[
					0
				]
			],
			"values": [
				[
					32767
				]
			]
		}
	],
	"transparencyLookup": [
		0
	],
	"textureTransforms": [],
	"textureTransformsLookup": [
		65535
	],
	"boundingBox": {
		"min": [
			-8.86901569366455,
			-25.592315673828125,
			-4.098513126373291
		],
		"max": [
			30.08310317993164,
			13.005558967590332,
			30.14715576171875
		]
	},
	"boundingSphereRadius": 26.38971519470215,
	"collisionBox": {
		"min": [
			-4.631896018981934,
			-7.896157264709473,
			-4.098513126373291
		],
		"max": [
			9.101211547851562,
			3.6081628799438477,
			22.244640350341797
		]
	},
	"collisionSphereRadius": 14.809337615966797,
	"skin": {
		"subMeshes": [
			{
				"enabled": true,
				"submeshID": 0,
				"level": 0,
				"vertexStart": 0,
				"vertexCount": 113,
				"triangleStart": 0,
				"triangleCount": 456,
				"boneCount": 1,
				"boneStart": 0,
				"boneInfluences": 0,
				"centerBoneIndex": 0,
				"centerPosition": [
					1.8938111066818237,
					-2.842912435531616,
					12.679767608642578
				],
				"sortCenterPosition": [
					2.2346577644348145,
					-2.1439971923828125,
					9.073063850402832
				],
				"sortRadius": 14.809337615966797
			},
			{
				"enabled": true,
				"submeshID": 0,
				"level": 0,
				"vertexStart": 113,
				"vertexCount": 609,
				"triangleStart": 456,
				"triangleCount": 1338,
				"boneCount": 1,
				"boneStart": 0,
				"boneInfluences": 0,
				"centerBoneIndex": 0,
				"centerPosition": [
					8.684563636779785,
					-5.5942583084106445,
					23.508825302124023
				],
				"sortCenterPosition": [
					8.684563636779785,
					-5.5942583084106445,
					23.508825302124023
				],
				"sortRadius": 24.609521865844727
			}
		],
		"textureUnits": [
			{
				"flags": 16,
				"priority": 0,
				"shaderID": 16,
				"skinSectionIndex": 1,
				"flags2": 1,
				"colorIndex": 65535,
				"materialIndex": 0,
				"materialLayer": 0,
				"textureCount": 1,
				"textureComboIndex": 1,
				"textureCoordComboIndex": 0,
				"textureWeightComboIndex": 0,
				"textureTransformComboIndex": 0
			},
			{
				"flags": 16,
				"priority": 0,
				"shaderID": 0,
				"skinSectionIndex": 0,
				"flags2": 0,
				"colorIndex": 65535,
				"materialIndex": 1,
				"materialLayer": 0,
				"textureCount": 1,
				"textureComboIndex": 0,
				"textureCoordComboIndex": 0,
				"textureWeightComboIndex": 0,
				"textureTransformComboIndex": 0
			}
		],
		"fileName": "world/expansion04/doodads/turtlezone/mountaintree/tu_mountaintree0700.skin",
		"fileDataID": 514921
	}
}
