{
	"fileType": "m2",
	"fileDataID": 538547,
	"fileName": "world/expansion04/doodads/pandaren/table/pa_table_01.m2",
	"internalName": "",
	"textures": [
		{
			"fileNameInternal": "world/expansion04/doodads/pandaren/table/pa_table_01.blp",
			"fileNameExternal": "pa_table_01.png",
			"mtlName": "mat_pa_table_01",
			"flags": 0,
			"fileDataID": 538546
		}
	],
	"textureTypes": [
		0
	],
	"materials": [
		{
			"flags": 0,
			"blendingMode": 0
		}
	],
	"textureCombos": [
		0
	],
	"colors": [],
	"textureWeights": [
		{
			"globalSeq": 65535,
			"interpolation": 0,
			"timestamps": [
				[
					0
				]
			],
			"values": [
				[
					32767
				]
			]
		}
	],
	"transparencyLookup": [
		0
	],
	"textureTransforms": [],
	"textureTransformsLookup": [
		65535
	],
	"boundingBox": {
		"min": [
			-0.9813116192817688,
			-0.9788792729377747,
			-0.003129204036667943
		],
		"max": [
			0.9790310263633728,
			0.980505108833313,
			1.1357983350753784
		]
	},
	"boundingSphereRadius": 1.336632490158081,
	"collisionBox": {
		"min": [
			-1.0016212463378906,
			-0.9981802105903625,
			0
		],
		"max": [
			0.9957241415977478,
			0.9991652369499207,
			1.1310640573501587
		]
	},
	"collisionSphereRadius": 1.5213549137115479,
	"skin": {
		"subMeshes": [
			{
				"enabled": true,
				"submeshID": 0,
				"level": 0,
				"vertexStart": 0,
				"vertexCount": 168,
				"triangleStart": 0,
				"triangleCount": 300,
				"boneCount": 1,
				"boneStart": 0,
				"boneInfluences": 0,
				"centerBoneIndex": 0,
				"centerPosition": [
					0.00029581820126622915,
					0.014416632242500782,
					0.4891493320465088
				],
				"sortCenterPosition": [
					-0.001140296459197998,
					0.000812917947769165,
					0.5663345456123352
				],
				"sortRadius": 1.336632490158081
			}
		],
		"textureUnits": [
			{
				"flags": 16,
				"priority": 0,
				"shaderID": 0,
				"skinSectionIndex": 0,
				"flags2": 0,
				"colorIndex": 65535,
				"materialIndex": 0,
				"materialLayer": 0,
				"textureCount": 1,
				"textureComboIndex": 0,
				"textureCoordComboIndex": 0,
				"textureWeightComboIndex": 0,
				"textureTransformComboIndex": 0
			}
		],
		"fileName": "world/expansion04/doodads/pandaren/table/pa_table_0100.skin",
		"fileDataID": 538548
	}
}
