{
	"fileType": "m2",
	"fileDataID": 533077,
	"fileName": "world/expansion04/doodads/pandaren/grain/pa_grainsack_open_01.m2",
	"internalName": "PA_GrainSack_Open_01",
	"textures": [
		{
			"fileNameInternal": "world/expansion04/doodads/pandaren/grain/pa_brewinggrains_sacks_01.blp",
			"fileNameExternal": "pa_brewinggrains_sacks_01.png",
			"mtlName": "mat_pa_brewinggrains_sacks_01",
			"flags": 0,
			"fileDataID": 533068
		},
		{
			"fileNameInternal": "world/expansion04/doodads/pandaren/grain/pa_brewinggrains_01.blp",
			"fileNameExternal": "pa_brewinggrains_01.png",
			"mtlName": "mat_pa_brewinggrains_01",
			"flags": 3,
			"fileDataID": 533015
		}
	],
	"textureTypes": [
		0,
		0
	],
	"materials": [
		{
			"flags": 0,
			"blendingMode": 0
		},
		{
			"flags": 0,
			"blendingMode": 0
		}
	],
	"textureCombos": [
		0,
		1
	],
	"colors": [],
	"textureWeights": [
		{
			"globalSeq": 65535,
			"interpolation": 0,
			"timestamps": [
				[
					0
				]
			],
			"values": [
				[
					32767
				]
			]
		}
	],
	"transparencyLookup": [
		0
	],
	"textureTransforms": [],
	"textureTransformsLookup": [
		65535
	],
	"boundingBox": {
		"min": [
			-0.909410297870636,
			-1.1738594770431519,
			-0.021054161712527275
		],
		"max": [
			0.909292995929718,
			1.16373872756958,
			1.7552870512008667
		]
	},
	"boundingSphereRadius": 1.3666409254074097,
	"collisionBox": {
		"min": [
			-0.8609736561775208,
			-0.8453174233436584,
			0
		],
		"max": [
			0.8590286374092102,
			0.8746848702430725,
			1.484683632850647
		]
	},
	"collisionSphereRadius": 1.136078119277954,
	"skin": {
		"subMeshes": [
			{
				"enabled": true,
				"submeshID": 0,
				"level": 0,
				"vertexStart": 0,
				"vertexCount": 216,
				"triangleStart": 0,
				"triangleCount": 972,
				"boneCount": 1,
				"boneStart": 0,
				"boneInfluences": 0,
				"centerBoneIndex": 0,
				"centerPosition": [
					-0.000058625428209779784,
					-0.0049829850904643536,
					0.9561425447463989
				],
				"sortCenterPosition": [
					-0.000058625428209779784,
					-0.0049829850904643536,
					0.9561425447463989
				],
				"sortRadius": 1.314447045326233
			},
			{
				"enabled": true,
				"submeshID": 0,
				"level": 0,
				"vertexStart": 216,
				"vertexCount": 13,
				"triangleStart": 972,
				"triangleCount": 36,
				"boneCount": 1,
				"boneStart": 0,
				"boneInfluences": 0,
				"centerBoneIndex": 0,
				"centerPosition": [
					-0.0010184036800637841,
					-0.004882629029452801,
					1.3258910179138184
				],
				"sortCenterPosition": [
					-0.0010184036800637841,
					-0.004882629029452801,
					1.3258910179138184
				],
				"sortRadius": 0.8434511423110962
			}
		],
		"textureUnits": [
			{
				"flags": 16,
				"priority": 0,
				"shaderID": 0,
				"skinSectionIndex": 0,
				"flags2": 0,
				"colorIndex": 65535,
				"materialIndex": 0,
				"materialLayer": 0,
				"textureCount": 1,
				"textureComboIndex": 0,
				"textureCoordComboIndex": 0,
				"textureWeightComboIndex": 0,
				"textureTransformComboIndex": 0
			},
			{
				"flags": 16,
				"priority": 0,
				"shaderID": 0,
				"skinSectionIndex": 1,
				"flags2": 1,
				"colorIndex": 65535,
				"materialIndex": 1,
				"materialLayer": 0,
				"textureCount": 1,
				"textureComboIndex": 1,
				"textureCoordComboIndex": 0,
				"textureWeightComboIndex": 0,
				"textureTransformComboIndex": 0
			}
		],
		"fileName": "world/expansion04/doodads/pandaren/grain/pa_grainsack_open_0100.skin",
		"fileDataID": 533078
	}
}
