{
	"fileType": "m2",
	"fileDataID": 526043,
	"fileName": "world/expansion04/doodads/pandaren/wheelbarrows/pa_wheelbarrow_02.m2",
	"internalName": "PA_WheelBarrow_02",
	"textures": [
		{
			"fileNameInternal": "world/expansion04/doodads/pandaren/wheelbarrows/pa_wheelbarrow.blp",
			"fileNameExternal": "pa_wheelbarrow.png",
			"mtlName": "mat_pa_wheelbarrow",
			"flags": 0,
			"fileDataID": 526040
		}
	],
	"textureTypes": [
		0
	],
	"materials": [
		{
			"flags": 0,
			"blendingMode": 0
		}
	],
	"textureCombos": [
		0
	],
	"colors": [],
	"textureWeights": [
		{
			"globalSeq": 65535,
			"interpolation": 0,
			"timestamps": [
				[
					0
				]
			],
			"values": [
				[
					32767
				]
			]
		}
	],
	"transparencyLookup": [
		0
	],
	"textureTransforms": [],
	"textureTransformsLookup": [
		65535
	],
	"boundingBox": {
		"min": [
			-2.101457118988037,
			-0.9559696316719055,
			-0.008967135101556778
		],
		"max": [
			1.409355878829956,
			0.9566567540168762,
			1.1637821197509766
		]
	},
	"boundingSphereRadius": 1.967811942100525,
	"collisionBox": {
		"min": [
			-2.080723762512207,
			-0.9545764923095703,
			-5.298190686175985e-8
		],
		"max": [
			1.41091787815094,
			0.9859455823898315,
			1.1712921857833862
		]
	},
	"collisionSphereRadius": 2.0814125537872314,
	"skin": {
		"subMeshes": [
			{
				"enabled": true,
				"submeshID": 0,
				"level": 0,
				"vertexStart": 0,
				"vertexCount": 801,
				"triangleStart": 0,
				"triangleCount": 1692,
				"boneCount": 1,
				"boneStart": 0,
				"boneInfluences": 0,
				"centerBoneIndex": 0,
				"centerPosition": [
					0.03012557327747345,
					0.0007177587831392884,
					0.5410577058792114
				],
				"sortCenterPosition": [
					-0.3460506200790405,
					0.00034356117248535156,
					0.5774074792861938
				],
				"sortRadius": 1.967811942100525
			}
		],
		"textureUnits": [
			{
				"flags": 16,
				"priority": 0,
				"shaderID": 0,
				"skinSectionIndex": 0,
				"flags2": 0,
				"colorIndex": 65535,
				"materialIndex": 0,
				"materialLayer": 0,
				"textureCount": 1,
				"textureComboIndex": 0,
				"textureCoordComboIndex": 0,
				"textureWeightComboIndex": 0,
				"textureTransformComboIndex": 0
			}
		],
		"fileName": "world/expansion04/doodads/pandaren/wheelbarrows/pa_wheelbarrow_0200.skin",
		"fileDataID": 526044
	}
}
