{
	"fileType": "m2",
	"fileDataID": 571708,
	"fileName": "world/expansion04/doodads/hozu/hz_pouch.m2",
	"internalName": "HZ_Pouch",
	"textures": [
		{
			"fileNameInternal": "world/expansion04/doodads/hozu/hz_foodcontainers.blp",
			"fileNameExternal": "hz_foodcontainers.png",
			"mtlName": "mat_hz_foodcontainers",
			"flags": 0,
			"fileDataID": 571697
		}
	],
	"textureTypes": [
		0
	],
	"materials": [
		{
			"flags": 0,
			"blendingMode": 0
		}
	],
	"textureCombos": [
		0
	],
	"colors": [],
	"textureWeights": [
		{
			"globalSeq": 65535,
			"interpolation": 0,
			"timestamps": [
				[
					0
				]
			],
			"values": [
				[
					32767
				]
			]
		}
	],
	"transparencyLookup": [
		0
	],
	"textureTransforms": [],
	"textureTransformsLookup": [
		65535
	],
	"boundingBox": {
		"min": [
			-0.13261257112026215,
			-0.1532033085823059,
			-0.0010218765819445252
		],
		"max": [
			0.13974393904209137,
			0.1304720640182495,
			0.13720138370990753
		]
	},
	"boundingSphereRadius": 0.1677534282207489,
	"collisionBox": {
		"min": [
			-0.11958551406860352,
			-0.12065671384334564,
			0.0014649895019829273
		],
		"max": [
			0.12444130331277847,
			0.12337023764848709,
			0.09282884746789932
		]
	},
	"collisionSphereRadius": 0.17849761247634888,
	"skin": {
		"subMeshes": [
			{
				"enabled": true,
				"submeshID": 0,
				"level": 0,
				"vertexStart": 0,
				"vertexCount": 93,
				"triangleStart": 0,
				"triangleCount": 288,
				"boneCount": 1,
				"boneStart": 0,
				"boneInfluences": 0,
				"centerBoneIndex": 0,
				"centerPosition": [
					0.003806146327406168,
					-0.0000954902425291948,
					0.06308260560035706
				],
				"sortCenterPosition": [
					0.003565683960914612,
					-0.011365622282028198,
					0.06808975338935852
				],
				"sortRadius": 0.1677534133195877
			}
		],
		"textureUnits": [
			{
				"flags": 16,
				"priority": 0,
				"shaderID": 0,
				"skinSectionIndex": 0,
				"flags2": 0,
				"colorIndex": 65535,
				"materialIndex": 0,
				"materialLayer": 0,
				"textureCount": 1,
				"textureComboIndex": 0,
				"textureCoordComboIndex": 0,
				"textureWeightComboIndex": 0,
				"textureTransformComboIndex": 0
			}
		],
		"fileName": "world/expansion04/doodads/hozu/hz_pouch00.skin",
		"fileDataID": 571709
	}
}
